ID_Venta,Fecha,Fecha_Analisis,Producto,Categoria,Proveedor,Proveedor_Normalizado,Regi√≥n,Cantidad,Precio_Unit,Stock,Estado,Ventas
V001,5/01/2024,5/01/2024,Mouse USB,Perifericos,Proveedor ABC,Proveedor ABC,Norte,10,"15,5",50,Entregado,$155
V002,6/01/2024,6/01/2024,Teclado,Perifericos,Proveedor ABC,Proveedor ABC,Centro,,"20,0",30,Pendiente,$0
V003,7/01/2024,7/01/2024,"Monitor 24""",Monitores,Proveedor XYZ,Proveedor XYZ,Sur,2,"0,0",20,Entregado,$0
V004,8/01/2024,8/01/2024,Laptop,Computo,Proveedor 123,Proveedor 123,Norte,1,"850,0",5,Cancelado,$850
V005,9/01/2024,9/01/2024,Mouse USB,Perifericos,Proveedor ABC,Proveedor ABC,Centro,100,"15,5",100,Entregado,$1.550
V006,,Sin Fecha,Mouse USB,Perifericos,Proveedor ABC,Proveedor ABC,Norte,1000,"15,5",100,Entregado,$15.500
V007,10/01/2024,10/01/2024,Tablet,Computo,,Anonimo,Centro,2,"250,0",10,Entregado,$500
,,,,,,,,,,,,
,,,,,,,,,,,,
,,,,,,,,,,,,
,,,,,,,,,,,,
,,,,,,,,,,,,
,,,,,,,,,,,,
,,,,,,,,,,,,
,,,,,,,,,,,,
,,,,,,,,,,,,
,,,,,,,,,,,,
,,,,,,,,,,,,
,,,,,,,,,,,,
,,,,,,,,,,,,
,,,,,,,,,,,,
,,,,,,,,,,,,
,,,,,,,,,,,,
,,,,,,,,,,,0,
,,,,,,,,,,,,
,,,,,,,,,,,0,0